Basename,NCMYK,NLAB,NHSV,NLUM,NTEMP,NRYB,NXYZ
127(1).jpg,"(2, 9, 0, 22)","(85.904, 4.104, -3.597)","(287, 9.64, 77.25)",71.59,6824,"(193, 178, 197)","(48, 47, 59)"
127.jpg,"(2, 9, 0, 22)","(85.904, 4.104, -3.597)","(287, 9.64, 77.25)",71.59,6824,"(193, 178, 197)","(48, 47, 59)"
IR000.jpg,"(0, 16, 25, 50)","(70.85, 3.41, 5.482)","(21, 25.6, 49.02)",42.22,4599,"(125, 109, 93)","(15, 15, 12)"
IR002.jpg,"(84, 51, 0, 25)","(65.248, -2.978, -33.509)","(216, 84.66, 74.12)",33.57,40000,"(29, 74, 189)","(13, 11, 49)"
IR003.jpg,"(8, 3, 0, 14)","(90.354, -0.866, -2.267)","(207, 8.22, 85.88)",82.14,7457,"(201, 207, 219)","(59, 63, 76)"
IR004.jpg,"(27, 18, 0, 57)","(65.978, 0.166, -7.835)","(220, 27.52, 42.75)",34.63,13557,"(79, 86, 109)","(9, 9, 15)"
IR005.jpg,"(11, 7, 0, 56)","(69.605, -0.17, -3.06)","(217, 11.71, 43.53)",40.2,7984,"(98, 101, 111)","(12, 13, 17)"
IR006.jpg,"(6, 1, 0, 16)","(90.104, -1.429, -1.25)","(193, 6.57, 83.53)",81.52,7262,"(199, 205, 213)","(58, 62, 72)"
IR007.jpg,"(8, 2, 0, 6)","(93.555, -1.685, -1.981)","(197, 8.79, 93.73)",90.29,7563,"(218, 226, 239)","(73, 79, 92)"
IR008.jpg,"(0, 8, 15, 27)","(83.783, 1.651, 4.04)","(26, 15.22, 72.16)",66.88,5317,"(184, 177, 156)","(39, 40, 36)"
IR009.jpg,"(0, 11, 15, 55)","(69.822, 2.391, 2.791)","(17, 15.79, 44.71)",40.55,5260,"(114, 102, 96)","(13, 13, 13)"
IR010.jpg,"(0, 16, 25, 38)","(77.216, 3.523, 6.317)","(22, 25.95, 61.96)",53.51,4574,"(158, 140, 117)","(25, 24, 20)"
IR011.jpg,"(18, 4, 0, 10)","(90.586, -4.05, -3.809)","(194, 18.5, 89.02)",82.71,9562,"(185, 203, 227)","(58, 65, 82)"
IR012.jpg,"(0, 14, 15, 53)","(70.34, 3.747, 1.719)","(3, 15.13, 46.67)",41.39,5317,"(119, 102, 101)","(14, 14, 14)"
IR013.jpg,"(7, 1, 0, 18)","(89.278, -1.525, -1.543)","(195, 7.66, 81.96)",79.5,7406,"(193, 199, 209)","(55, 59, 69)"
IR014.jpg,"(7, 4, 0, 9)","(91.927, -0.017, -2.623)","(219, 7.36, 90.59)",86.09,7356,"(214, 218, 231)","(67, 71, 85)"
IR015.jpg,"(0, 10, 17, 21)","(85.923, 2.389, 4.733)","(23, 17.91, 78.82)",71.63,5121,"(201, 187, 165)","(46, 47, 42)"
IR016.jpg,"(0, 11, 14, 38)","(78.458, 3.026, 2.352)","(11, 14.01, 61.57)",55.9,5403,"(157, 139, 135)","(27, 27, 26)"
IR017.jpg,"(0, 5, 8, 28)","(84.526, 1.155, 2.083)","(22, 8.74, 71.76)",68.51,5792,"(183, 176, 167)","(41, 42, 42)"
IR018.jpg,"(18, 3, 0, 4)","(93.099, -4.38, -3.587)","(192, 18.11, 95.29)",89.1,9451,"(199, 218, 243)","(69, 77, 96)"
IR019.jpg,"(8, 4, 0, 5)","(93.608, -0.663, -2.539)","(210, 8.26, 94.9)",90.43,7509,"(222, 228, 242)","(75, 79, 95)"
IR020.jpg,"(0, 16, 27, 17)","(85.893, 3.477, 8.056)","(25, 27.49, 82.75)",71.57,4476,"(211, 193, 153)","(48, 47, 36)"
IR021.jpg,"(0, 13, 21, 34)","(79.675, 2.708, 5.405)","(23, 21.56, 65.49)",58.3,4879,"(167, 153, 131)","(30, 29, 25)"
IR022.jpg,"(0, 9, 15, 29)","(82.939, 2.037, 3.646)","(22, 15.0, 70.59)",65.06,5317,"(180, 168, 153)","(37, 38, 35)"
IR023.jpg,"(12, 4, 0, 18)","(88.347, -1.923, -2.95)","(201, 12.44, 81.96)",77.27,8121,"(183, 193, 209)","(51, 56, 68)"
IR024.jpg,"(5, 6, 0, 50)","(73.193, 1.131, -2.386)","(248, 6.4, 49.02)",46.19,7173,"(118, 117, 125)","(17, 18, 22)"
IR025.jpg,"(0, 5, 10, 25)","(85.717, 0.865, 2.772)","(28, 10.0, 74.51)",71.17,5700,"(190, 188, 171)","(44, 46, 45)"
IR026.jpg,"(0, 14, 26, 44)","(74.796, 2.266, 6.859)","(28, 26.06, 55.69)",49.03,4574,"(142, 136, 105)","(20, 20, 16)"
IR027.jpg,"(15, 4, 0, 2)","(93.942, -3.152, -3.593)","(197, 15.66, 97.65)",91.31,8755,"(210, 226, 249)","(73, 81, 101)"
IR028.jpg,"(11, 9, 0, 25)","(84.165, 1.123, -4.515)","(231, 11.05, 74.51)",67.71,7919,"(169, 171, 190)","(40, 41, 54)"
IR029.jpg,"(5, 2, 0, 16)","(90.023, -0.271, -1.586)","(213, 5.14, 83.92)",81.32,7129,"(203, 206, 214)","(59, 62, 72)"
IR030.jpg,"(0, 10, 19, 25)","(84.28, 2.12, 5.356)","(26, 19.37, 74.9)",67.96,5012,"(191, 182, 154)","(41, 41, 36)"
IR031.jpg,"(0, 18, 31, 13)","(86.553, 3.883, 9.894)","(26, 31.82, 86.27)",73.07,4220,"(220, 202, 150)","(51, 50, 35)"
IR032.jpg,"(10, 7, 0, 15)","(88.661, 0.48, -4.091)","(224, 10.65, 84.71)",78.02,7855,"(193, 197, 216)","(54, 57, 73)"
IR033.jpg,"(0, 9, 4, 61)","(66.76, 2.894, -1.016)","(327, 9.18, 38.43)",35.79,6173,"(98, 89, 94)","(10, 10, 11)"
IR034.jpg,"(0, 7, 0, 20)","(87.556, 3.642, -2.593)","(300, 7.39, 79.61)",75.4,6507,"(203, 188, 203)","(53, 52, 64)"
IR035.jpg,"(0, 14, 25, 50)","(71.591, 2.344, 6.176)","(26, 25.4, 49.41)",43.46,4623,"(126, 118, 94)","(16, 15, 12)"
IR036.jpg,"(0, 14, 22, 34)","(79.365, 3.096, 5.584)","(22, 22.75, 65.49)",57.68,4775,"(167, 151, 129)","(29, 29, 24)"
IR037.jpg,"(0, 8, 22, 26)","(84.268, 0.113, 7.899)","(39, 22.46, 73.33)",67.94,4801,"(168, 187, 145)","(40, 41, 32)"
IR038.jpg,"(29, 13, 0, 64)","(62.744, -2.392, -5.992)","(207, 29.67, 35.69)",30.07,15005,"(64, 73, 91)","(6, 7, 10)"
IR039.jpg,"(5, 1, 0, 5)","(94.275, -1.181, -1.11)","(194, 5.42, 94.12)",92.19,7129,"(227, 232, 240)","(77, 83, 94)"
IR040.jpg,"(2, 0, 2, 22)","(88.153, -0.964, 0.684)","(120, 2.03, 77.25)",76.81,6507,"(193, 197, 197)","(51, 55, 58)"
IR041.jpg,"(0, 7, 26, 32)","(81.932, -0.714, 9.611)","(43, 26.01, 67.84)",62.92,4574,"(146, 173, 128)","(33, 35, 25)"
IR042.jpg,"(0, 11, 22, 29)","(82.41, 1.828, 6.674)","(29, 22.65, 70.98)",63.93,4801,"(181, 179, 140)","(36, 36, 29)"
IR043.jpg,"(15, 0, 0, 9)","(92.328, -4.7, -2.104)","(183, 15.15, 90.59)",87.11,8667,"(196, 212, 231)","(65, 73, 86)"
IR044.jpg,"(0, 12, 24, 41)","(76.445, 1.883, 6.839)","(29, 24.83, 58.43)",52.05,4648,"(149, 147, 112)","(23, 23, 18)"
IR045.jpg,"(0, 8, 18, 28)","(83.537, 1.203, 5.383)","(31, 18.03, 71.76)",66.34,5121,"(181, 183, 150)","(38, 40, 34)"
IR046.jpg,"(0, 13, 27, 24)","(83.623, 2.093, 8.471)","(30, 27.08, 75.29)",66.53,4501,"(192, 192, 140)","(40, 40, 30)"
IR047.jpg,"(40, 18, 0, 54)","(66.759, -3.351, -9.517)","(208, 40.17, 45.88)",35.79,40000,"(70, 86, 117)","(9, 10, 18)"
IR048.jpg,"(10, 3, 0, 12)","(90.773, -1.846, -2.347)","(198, 10.36, 87.06)",83.18,7793,"(199, 208, 222)","(61, 66, 78)"
IR049.jpg,"(0, 17, 29, 32)","(79.334, 3.618, 7.797)","(24, 29.07, 67.45)",57.62,4382,"(172, 155, 122)","(29, 29, 22)"
IR050.jpg,"(0, 12, 26, 27)","(82.83, 1.872, 8.202)","(31, 26.34, 72.94)",64.82,4549,"(184, 186, 137)","(37, 37, 28)"
IR051.jpg,"(0, 7, 14, 30)","(82.624, 1.433, 3.742)","(26, 14.2, 69.02)",64.39,5374,"(176, 170, 151)","(36, 37, 34)"
IR052.jpg,"(0, 18, 33, 25)","(82.099, 3.457, 10.259)","(27, 33.51, 74.9)",63.27,4130,"(191, 180, 127)","(37, 36, 24)"
IR053.jpg,"(10, 5, 0, 21)","(86.828, -0.419, -3.273)","(214, 10.45, 78.82)",73.71,7793,"(180, 186, 201)","(47, 50, 62)"
IR054.jpg,"(5, 3, 0, 12)","(91.14, -0.186, -1.766)","(215, 5.41, 87.06)",84.1,7129,"(210, 213, 222)","(63, 67, 78)"
IR055.jpg,"(14, 0, 14, 14)","(90.309, -7.302, 5.282)","(120, 14.22, 85.49)",82.03,6507,"(187, 218, 218)","(54, 64, 56)"
IR056.jpg,"(0, 4, 35, 46)","(75.705, -3.35, 13.996)","(52, 35.04, 53.73)",50.68,4043,"(95, 137, 89)","(20, 22, 12)"
IR057.jpg,"(0, 10, 17, 26)","(83.743, 2.244, 4.56)","(24, 17.65, 73.33)",66.79,5121,"(187, 175, 154)","(40, 40, 36)"
IR058.jpg,"(0, 9, 17, 23)","(85.403, 1.578, 5.045)","(28, 17.44, 76.47)",70.46,5149,"(195, 191, 161)","(44, 45, 40)"
IR059.jpg,"(29, 0, 10, 9)","(91.041, -12.389, 1.615)","(159, 29.57, 90.2)",83.85,10459,"(162, 203, 230)","(54, 68, 69)"
IR060.jpg,"(0, 9, 16, 38)","(78.645, 1.846, 3.857)","(24, 16.03, 61.18)",56.26,5260,"(156, 147, 131)","(27, 27, 25)"
IR061.jpg,"(0, 3, 10, 37)","(80.609, 0.032, 3.366)","(39, 10.69, 62.35)",60.19,5640,"(151, 159, 142)","(30, 32, 30)"
IR062.jpg,"(54, 22, 0, 59)","(62.151, -5.919, -11.572)","(205, 54.37, 40.39)",29.27,40000,"(47, 67, 103)","(6, 7, 14)"
IR063.jpg,"(0, 11, 16, 58)","(68.263, 2.115, 3.174)","(20, 16.82, 41.96)",38.09,5204,"(107, 98, 89)","(11, 11, 11)"
IR064.jpg,"(0, 20, 39, 36)","(76.707, 3.461, 12.223)","(29, 39.88, 63.92)",52.55,3792,"(163, 157, 98)","(25, 24, 14)"
IR065.jpg,"(0, 5, 11, 31)","(83.033, 0.82, 3.191)","(30, 11.43, 68.63)",65.26,5580,"(175, 175, 155)","(37, 38, 36)"
IR066.jpg,"(7, 2, 0, 7)","(93.19, -1.34, -1.641)","(198, 7.23, 92.16)",89.34,7356,"(218, 225, 235)","(72, 77, 89)"
IR067.jpg,"(0, 13, 24, 36)","(78.641, 2.465, 6.424)","(26, 24.07, 63.53)",56.25,4699,"(162, 153, 123)","(27, 27, 22)"
IR068.jpg,"(26, 14, 0, 53)","(68.995, -1.413, -6.772)","(212, 26.89, 46.67)",39.23,13059,"(87, 97, 119)","(12, 12, 18)"
IR069.jpg,"(0, 12, 22, 50)","(72.206, 1.992, 5.573)","(27, 22.83, 49.8)",44.5,4775,"(127, 121, 98)","(16, 16, 13)"
IR070.jpg,"(37, 15, 0, 65)","(61.057, -3.36, -7.362)","(205, 37.5, 34.51)",27.83,28244,"(55, 67, 88)","(5, 6, 10)"
IR071.jpg,"(62, 24, 0, 13)","(80.346, -10.345, -18.1)","(204, 62.9, 86.67)",59.65,40000,"(82, 134, 221)","(29, 34, 73)"
IR072.jpg,"(58, 29, 0, 32)","(72.391, -4.849, -17.8)","(211, 58.14, 67.45)",44.81,40000,"(72, 104, 172)","(16, 17, 41)"
IR073.jpg,"(0, 19, 34, 33)","(78.248, 4.055, 9.542)","(25, 34.12, 66.67)",55.49,4086,"(170, 152, 112)","(28, 27, 18)"
IR074.jpg,"(0, 17, 30, 23)","(82.892, 3.769, 8.943)","(25, 30.77, 76.47)",64.96,4288,"(195, 177, 135)","(39, 38, 28)"
IR075.jpg,"(0, 16, 28, 23)","(83.35, 3.405, 8.095)","(25, 28.21, 76.47)",65.94,4452,"(195, 179, 140)","(40, 40, 30)"
IR076.jpg,"(0, 16, 25, 47)","(72.516, 3.385, 5.689)","(21, 25.56, 52.16)",45.02,4599,"(133, 117, 99)","(17, 17, 13)"
IR077.jpg,"(42, 9, 0, 56)","(67.449, -7.82, -6.798)","(194, 42.86, 43.92)",36.83,40000,"(64, 84, 112)","(9, 11, 16)"
IR078.jpg,"(14, 7, 0, 19)","(86.987, -1.131, -4.262)","(210, 14.56, 80.78)",74.08,8582,"(176, 186, 206)","(47, 50, 65)"
IR079.jpg,"(0, 18, 35, 12)","(86.819, 3.26, 12.302)","(29, 35.87, 87.45)",73.69,4000,"(223, 219, 143)","(52, 51, 32)"
IR080.jpg,"(0, 17, 32, 10)","(87.864, 3.538, 10.396)","(27, 32.02, 89.41)",76.13,4220,"(228, 215, 155)","(56, 54, 38)"
IR081.jpg,"(0, 20, 35, 21)","(83.046, 4.238, 11.037)","(26, 35.82, 78.82)",65.29,4000,"(201, 183, 129)","(40, 38, 26)"
IR082.jpg,"(0, 22, 39, 15)","(84.498, 4.751, 12.863)","(26, 39.53, 84.31)",68.44,3813,"(215, 195, 130)","(45, 43, 26)"
IR082,"(29, 18, 0, 47)","(70.819, -0.504, -8.593)","(217, 29.32, 52.16)",42.17,14689,"(94, 104, 133)","(14, 14, 23)"
IR083.jpg,"(6, 3, 0, 15)","(90.092, -0.646, -1.958)","(208, 6.94, 84.71)",81.49,7309,"(201, 206, 216)","(59, 63, 74)"
IR084.jpg,"(77, 20, 0, 12)","(80.771, -19.645, -18.279)","(196, 77.23, 87.84)",60.52,40000,"(51, 124, 224)","(30, 38, 76)"
IR085.jpg,"(0, 16, 31, 14)","(86.554, 3.072, 10.165)","(28, 31.34, 85.1)",73.08,4266,"(217, 209, 149)","(50, 49, 35)"
IR086.jpg,"(69, 22, 0, 23)","(77.045, -14.042, -17.115)","(199, 69.39, 76.86)",53.18,40000,"(60, 114, 196)","(23, 27, 56)"
IR087.jpg,"(18, 13, 0, 49)","(71.807, 0.457, -5.793)","(223, 18.6, 50.59)",43.82,9562,"(105, 110, 129)","(15, 16, 23)"
IR088.jpg,"(0, 12, 22, 24)","(84.164, 2.272, 6.622)","(27, 22.8, 75.69)",67.71,4775,"(193, 185, 149)","(41, 42, 34)"
IR089.jpg,"(14, 8, 0, 22)","(85.528, -0.742, -4.498)","(213, 14.65, 77.65)",70.74,8582,"(169, 177, 198)","(43, 46, 59)"
IR090.jpg,"(26, 16, 0, 51)","(69.646, -0.548, -7.449)","(216, 26.61, 48.63)",40.27,12825,"(91, 100, 124)","(12, 13, 20)"
IR091.jpg,"(38, 20, 0, 42)","(72.247, -2.216, -10.782)","(212, 38.1, 57.65)",44.56,32374,"(91, 108, 147)","(15, 17, 29)"
IR092.jpg,"(27, 11, 0, 22)","(83.699, -3.251, -7.307)","(206, 27.27, 77.65)",66.69,13303,"(144, 163, 198)","(37, 40, 58)"
IR093.jpg,"(0, 22, 33, 19)","(83.111, 5.548, 9.303)","(21, 33.82, 80.0)",65.43,4108,"(204, 171, 135)","(41, 39, 28)"
IR094.jpg,"(0, 8, 7, 45)","(76.014, 2.628, 0.262)","(350, 8.57, 54.9)",51.25,5916,"(140, 128, 130)","(22, 22, 24)"
IR095.jpg,"(32, 0, 23, 46)","(74.646, -13.143, 6.693)","(136, 32.35, 53.33)",48.76,7984,"(92, 126, 136)","(16, 21, 16)"
IR096.jpg,"(0, 10, 19, 23)","(85.277, 1.737, 5.698)","(28, 19.39, 76.86)",70.18,5012,"(196, 192, 158)","(44, 44, 38)"
IR097.jpg,"(15, 8, 0, 55)","(69.484, -0.625, -3.951)","(213, 15.93, 44.31)",40.01,8845,"(95, 100, 113)","(12, 13, 18)"
IR098.jpg,"(0, 20, 33, 27)","(80.775, 4.566, 9.294)","(23, 33.33, 72.94)",60.53,4130,"(186, 163, 124)","(34, 33, 23)"
IR099.jpg,"(0, 26, 49, 22)","(80.327, 5.297, 17.162)","(28, 49.75, 77.25)",59.62,3326,"(197, 182, 99)","(35, 32, 15)"
IR100.jpg,"(0, 18, 28, 45)","(73.148, 4.071, 6.269)","(20, 28.06, 54.51)",46.11,4452,"(139, 119, 100)","(19, 18, 14)"
IR101.jpg,"(23, 17, 0, 57)","(66.394, 0.785, -7.192)","(224, 23.85, 42.75)",35.25,11414,"(83, 88, 109)","(9, 10, 15)"
IR102.jpg,"(0, 16, 23, 53)","(69.575, 3.296, 4.753)","(19, 23.73, 46.27)",40.15,4724,"(118, 103, 90)","(13, 13, 11)"
IR103.jpg,"(0, 22, 30, 38)","(75.608, 5.954, 6.375)","(15, 30.38, 61.96)",50.5,4311,"(158, 126, 110)","(23, 21, 18)"
IR104.jpg,"(28, 15, 0, 38)","(75.771, -1.363, -8.346)","(213, 28.66, 61.57)",50.81,14388,"(112, 125, 157)","(20, 22, 35)"
IR105.jpg,"(0, 20, 35, 14)","(85.629, 4.344, 11.172)","(26, 35.32, 85.49)",70.97,4022,"(218, 198, 141)","(48, 46, 32)"
IR106.jpg,"(17, 5, 0, 14)","(89.295, -3.44, -3.905)","(197, 17.81, 85.88)",79.55,9342,"(180, 196, 219)","(54, 59, 75)"
IR107.jpg,"(12, 10, 0, 55)","(69.342, 1.031, -4.137)","(231, 12.39, 44.31)",39.78,8121,"(99, 100, 113)","(12, 13, 17)"
IR108.jpg,"(0, 11, 19, 19)","(86.279, 2.362, 5.261)","(25, 19.12, 80.0)",72.44,5039,"(204, 192, 165)","(48, 48, 42)"
IR109.jpg,"(0, 25, 42, 26)","(79.481, 5.557, 12.759)","(24, 42.25, 73.33)",57.91,3674,"(187, 161, 108)","(32, 30, 18)"
IR110.jpg,"(0, 23, 42, 16)","(83.936, 4.525, 14.564)","(28, 42.72, 83.53)",67.21,3654,"(213, 200, 122)","(44, 42, 23)"
IR111.jpg,"(0, 16, 23, 43)","(74.452, 3.982, 4.621)","(16, 23.08, 56.08)",48.41,4775,"(143, 122, 110)","(20, 19, 17)"
IR112.jpg,"(0, 14, 23, 21)","(84.697, 3.092, 6.278)","(23, 23.12, 78.04)",68.88,4775,"(199, 182, 153)","(43, 43, 36)"
IR113.jpg,"(2, 5, 0, 57)","(69.985, 1.432, -1.753)","(270, 5.5, 42.75)",40.81,6894,"(106, 103, 109)","(13, 14, 16)"
IR114.jpg,"(27, 16, 0, 53)","(68.206, -0.325, -7.61)","(218, 27.12, 46.27)",38.0,13303,"(86, 94, 118)","(11, 11, 18)"
IR115.jpg,"(0, 10, 14, 50)","(72.651, 2.243, 2.61)","(17, 14.29, 49.41)",45.26,5374,"(126, 114, 108)","(17, 17, 16)"
IR116.jpg,"(0, 2, 9, 34)","(82.217, -0.419, 3.39)","(45, 9.64, 65.1)",63.52,5730,"(155, 166, 150)","(33, 35, 33)"
IR117.jpg,"(0, 15, 30, 37)","(77.817, 2.177, 8.868)","(30, 30.0, 62.75)",54.65,4335,"(160, 160, 112)","(26, 26, 18)"
IR118.jpg,"(0, 18, 30, 16)","(85.408, 4.404, 8.794)","(23, 30.52, 83.53)",70.47,4311,"(213, 188, 148)","(48, 46, 34)"
IR119.jpg,"(0, 13, 21, 27)","(82.594, 2.807, 5.477)","(23, 21.2, 72.16)",64.32,4879,"(184, 169, 145)","(37, 37, 31)"
IR120.jpg,"(0, 14, 28, 14)","(87.125, 2.656, 9.009)","(29, 28.11, 85.1)",74.4,4452,"(217, 211, 156)","(51, 52, 38)"
IR121.jpg,"(0, 11, 23, 29)","(82.529, 1.462, 7.144)","(31, 23.2, 70.98)",64.18,4749,"(177, 181, 139)","(36, 37, 29)"
IR122.jpg,"(0, 6, 10, 25)","(85.455, 1.289, 2.659)","(24, 10.53, 74.51)",70.58,5669,"(190, 183, 170)","(44, 45, 44)"
IR138.jpg,"(35, 16, 0, 69)","(58.487, -2.51, -7.047)","(208, 35.9, 30.59)",24.61,23498,"(50, 59, 78)","(4, 4, 8)"
IR139 (2).jpg,"(0, 14, 26, 27)","(82.434, 2.69, 7.635)","(27, 26.34, 72.94)",63.98,4549,"(186, 176, 137)","(37, 37, 28)"
IR139.jpg,"(0, 13, 24, 25)","(83.469, 2.384, 7.059)","(27, 24.21, 74.51)",66.2,4699,"(190, 182, 144)","(39, 40, 32)"
IR140.jpg,"(0, 5, 10, 23)","(86.564, 0.765, 2.969)","(30, 10.26, 76.47)",73.1,5669,"(195, 195, 175)","(47, 49, 47)"
IR141.jpg,"(0, 10, 20, 29)","(82.675, 1.387, 6.16)","(31, 20.56, 70.59)",64.49,4931,"(178, 180, 143)","(36, 37, 30)"
IR142.jpg,"(0, 4, 11, 34)","(82.016, 0.387, 3.398)","(35, 11.31, 65.88)",63.1,5609,"(162, 168, 149)","(34, 35, 33)"
IR143.jpg,"(0, 20, 31, 41)","(74.605, 4.325, 7.699)","(22, 31.54, 58.43)",48.69,4242,"(149, 128, 102)","(21, 20, 15)"
IR144.jpg,"(0, 6, 15, 34)","(81.154, 0.648, 4.488)","(34, 15.06, 65.1)",61.31,5317,"(160, 166, 141)","(32, 33, 30)"
IR145.jpg,"(0, 7, 18, 41)","(77.779, 0.488, 5.433)","(36, 18.12, 58.43)",54.58,5093,"(140, 149, 122)","(24, 25, 21)"
IR146.jpg,"(0, 12, 20, 32)","(80.782, 2.37, 5.489)","(25, 20.93, 67.45)",60.54,4905,"(172, 161, 136)","(32, 32, 28)"
IR147.jpg,"(79, 35, 0, 33)","(68.582, -10.609, -23.214)","(207, 79.41, 66.67)",38.58,40000,"(35, 83, 170)","(13, 14, 39)"
IR148.jpg,"(0, 0, 7, 49)","(75.667, -1.287, 2.922)","(66, 7.69, 50.98)",50.61,5948,"(120, 130, 121)","(20, 21, 21)"
IR149.jpg,"(15, 3, 0, 10)","(91.324, -3.55, -3.142)","(193, 15.72, 89.8)",84.56,8845,"(193, 208, 229)","(61, 68, 83)"
IR150.jpg,"(27, 12, 0, 57)","(66.847, -2.142, -6.194)","(208, 27.78, 42.35)",35.93,13557,"(78, 88, 108)","(9, 10, 15)"
IR151.jpg,"(0, 75, 64, 11)","(67.214, 40.656, 5.719)","(351, 75.56, 88.24)",36.48,2759,"(225, 55, 81)","(33, 19, 9)"
IR152.jpg,"(87, 9, 0, 33)","(75.198, -27.491, -13.266)","(186, 87.65, 66.67)",49.76,40000,"(21, 91, 170)","(19, 25, 41)"
IR153.jpg,"(0, 3, 11, 30)","(83.965, 0.019, 3.716)","(39, 11.24, 69.8)",67.27,5609,"(168, 178, 158)","(39, 41, 38)"
IR154.jpg,"(6, 1, 0, 22)","(87.645, -1.584, -1.081)","(189, 6.6, 77.25)",75.61,7262,"(184, 189, 197)","(49, 53, 60)"
IR155.jpg,"(0, 11, 27, 34)","(80.009, 1.147, 8.741)","(34, 27.38, 65.88)",58.97,4501,"(157, 168, 122)","(30, 31, 22)"
IR156.jpg,"(0, 7, 15, 35)","(80.635, 0.934, 4.326)","(31, 15.24, 64.31)",60.24,5317,"(162, 164, 139)","(31, 31, 29)"
IR157.jpg,"(11, 1, 0, 8)","(92.674, -3.039, -2.002)","(189, 11.59, 91.37)",88.0,7984,"(206, 218, 233)","(68, 74, 87)"
IR158.jpg,"(7, 0, 0, 10)","(92.715, -2.246, -1.03)","(184, 7.42, 89.8)",88.11,7356,"(212, 220, 229)","(69, 75, 84)"
IR159.jpg,"(0, 6, 13, 35)","(80.95, 0.662, 3.885)","(33, 13.41, 64.31)",60.89,5432,"(160, 164, 142)","(31, 32, 30)"
IR160.jpg,"(0, 9, 13, 35)","(80.263, 2.077, 2.889)","(19, 13.41, 64.31)",59.48,5432,"(164, 152, 142)","(30, 31, 29)"
IR161.jpg,"(7, 1, 0, 17)","(89.474, -1.364, -1.484)","(196, 7.14, 82.35)",79.98,7356,"(195, 201, 210)","(56, 60, 69)"
IR162.jpg,"(0, 7, 18, 34)","(80.812, 0.726, 5.5)","(34, 18.07, 65.1)",60.6,5093,"(158, 166, 136)","(31, 32, 28)"
IR163.jpg,"(0, 13, 9, 61)","(65.907, 3.821, -0.315)","(342, 13.27, 38.43)",34.53,5761,"(98, 85, 89)","(9, 9, 10)"
IR164.jpg,"(0, 13, 25, 26)","(83.078, 2.219, 7.67)","(29, 25.53, 73.73)",65.35,4599,"(188, 184, 140)","(38, 38, 30)"
IR165.jpg,"(0, 10, 19, 46)","(74.643, 1.791, 4.86)","(27, 19.71, 53.73)",48.75,4985,"(137, 131, 110)","(19, 20, 17)"
IR166.jpg,"(0, 0, 3, 11)","(92.71, -0.467, 1.734)","(53, 3.98, 88.63)",88.09,6173,"(218, 226, 217)","(70, 74, 75)"
IR167.jpg,"(9, 3, 0, 10)","(91.929, -1.51, -2.197)","(200, 9.17, 89.8)",86.09,7618,"(208, 216, 229)","(66, 71, 84)"
IR168.jpg,"(0, 14, 26, 26)","(82.79, 2.578, 7.854)","(28, 26.6, 73.73)",64.74,4549,"(188, 180, 138)","(38, 38, 29)"
IR169.jpg,"(0, 8, 19, 27)","(84.166, 0.657, 6.305)","(35, 19.35, 72.94)",67.71,5012,"(175, 186, 150)","(40, 41, 34)"
IR170.jpg,"(0, 6, 17, 25)","(85.329, 0.309, 6.027)","(37, 17.8, 74.9)",70.29,5121,"(178, 191, 157)","(43, 45, 38)"
IR171.jpg,"(16, 4, 0, 13)","(89.835, -3.177, -3.551)","(197, 16.29, 86.67)",80.86,8939,"(185, 200, 221)","(56, 62, 77)"
IR172.jpg,"(0, 12, 21, 37)","(78.398, 2.401, 5.415)","(25, 21.38, 62.35)",55.78,4879,"(159, 148, 125)","(27, 27, 23)"
IR173.jpg,"(0, 17, 33, 34)","(78.206, 2.909, 9.799)","(28, 33.13, 65.1)",55.41,4153,"(166, 160, 111)","(27, 27, 18)"
IR174.jpg,"(0, 1, 4, 16)","(90.62, -0.104, 1.69)","(42, 4.67, 83.92)",82.8,6140,"(208, 214, 204)","(61, 65, 66)"
IR175.jpg,"(49, 21, 0, 53)","(65.836, -5.105, -11.297)","(206, 49.15, 46.27)",34.43,40000,"(60, 81, 118)","(9, 10, 18)"
IR176.jpg,"(0, 0, 4, 31)","(84.351, -0.459, 1.791)","(53, 4.57, 68.63)",68.12,6140,"(168, 175, 167)","(39, 41, 42)"
IR177.jpg,"(0, 9, 21, 34)","(80.468, 0.805, 6.541)","(34, 21.08, 65.1)",59.9,4905,"(157, 166, 131)","(30, 31, 26)"
IR178.jpg,"(11, 0, 1, 13)","(91.144, -3.995, -0.673)","(173, 11.36, 86.27)",84.11,7733,"(195, 208, 220)","(60, 68, 75)"
IR179.jpg,"(0, 4, 12, 34)","(81.936, -0.075, 4.148)","(40, 12.57, 65.49)",62.93,5491,"(156, 167, 146)","(33, 35, 32)"
IR180.jpg,"(12, 2, 0, 8)","(92.533, -2.969, -2.212)","(191, 12.02, 91.37)",87.64,8052,"(205, 217, 233)","(67, 74, 87)"
IR181.jpg,"(0, 12, 20, 41)","(76.476, 2.21, 5.194)","(25, 20.95, 58.04)",52.11,4905,"(148, 139, 117)","(23, 23, 20)"
IR182.jpg,"(12, 3, 0, 9)","(91.787, -2.098, -2.87)","(199, 12.12, 90.59)",85.73,8052,"(203, 214, 231)","(65, 70, 85)"
IR183.jpg,"(12, 0, 0, 17)","(89.327, -3.562, -1.744)","(185, 12.38, 82.35)",79.62,8121,"(184, 196, 210)","(53, 59, 69)"
IR184.jpg,"(0, 8, 19, 24)","(84.952, 0.981, 6.329)","(33, 19.79, 75.29)",69.45,4985,"(184, 192, 154)","(43, 44, 36)"
IR185.jpg,"(0, 6, 15, 36)","(80.566, 0.558, 4.826)","(35, 15.95, 63.92)",60.1,5260,"(156, 163, 137)","(30, 31, 28)"
