Basename,HCMYK,HLAB,HHSV,HLUM,HTEMP,HRYB,HXYZ
IR001.jpg,"(0, 25, 42, 38)","(74.475, 5.292, 12.011)","(24, 42.68, 61.57)",48.45,3654,"(157, 135, 90)","(22, 20, 12)"
IR002.jpg,"(0, 9, 13, 43)","(76.359, 1.962, 2.699)","(19, 13.29, 56.08)",51.89,5461,"(143, 132, 124)","(22, 22, 22)"
IR003.jpg,"(0, 28, 43, 44)","(70.908, 6.309, 11.221)","(21, 43.97, 55.29)",42.32,3578,"(141, 113, 79)","(17, 15, 9)"
IR004.jpg,"(0, 17, 29, 42)","(74.638, 3.505, 7.368)","(24, 29.45, 57.25)",48.75,4358,"(146, 131, 103)","(21, 20, 16)"
IR005.jpg,"(0, 23, 41, 45)","(71.916, 4.317, 11.418)","(26, 41.43, 54.9)",44.0,3713,"(140, 125, 82)","(17, 16, 9)"
IR006.jpg,"(0, 14, 25, 57)","(67.861, 2.329, 5.823)","(26, 25.69, 42.75)",37.46,4599,"(109, 102, 81)","(11, 11, 9)"
IR007.jpg,"(0, 23, 34, 62)","(62.803, 4.397, 6.858)","(20, 34.74, 37.25)",30.15,4064,"(95, 78, 62)","(7, 7, 5)"
IR008.jpg,"(0, 12, 18, 48)","(73.426, 2.501, 3.768)","(20, 18.18, 51.76)",46.6,5093,"(132, 120, 108)","(18, 18, 16)"
IR009.jpg,"(0, 13, 20, 49)","(72.322, 2.665, 4.284)","(21, 20.31, 50.2)",44.69,4958,"(128, 115, 102)","(17, 17, 14)"
IR010.jpg,"(0, 17, 29, 47)","(72.318, 3.373, 7.271)","(24, 29.85, 52.55)",44.69,4335,"(134, 120, 94)","(17, 17, 12)"
IR011.jpg,"(0, 22, 34, 56)","(66.524, 4.492, 7.304)","(21, 34.23, 43.53)",35.44,4086,"(111, 92, 73)","(11, 10, 8)"
IR012.jpg,"(0, 9, 14, 52)","(71.662, 1.956, 2.924)","(20, 14.88, 47.45)",43.58,5346,"(121, 112, 103)","(15, 15, 15)"
IR013.jpg,"(0, 17, 24, 45)","(73.55, 3.95, 5.049)","(18, 24.46, 54.51)",46.82,4673,"(139, 119, 105)","(19, 18, 15)"
IR014.jpg,"(0, 13, 20, 70)","(59.764, 2.177, 3.283)","(20, 20.0, 29.41)",26.18,4958,"(75, 67, 60)","(5, 5, 5)"
IR015.jpg,"(0, 18, 32, 21)","(83.645, 3.691, 10.05)","(26, 32.84, 78.82)",66.58,4175,"(201, 186, 135)","(41, 40, 28)"
IR016.jpg,"(0, 33, 54, 47)","(68.064, 6.92, 15.076)","(23, 54.14, 52.16)",37.78,3127,"(133, 106, 61)","(13, 12, 6)"
IR017.jpg,"(0, 16, 30, 29)","(80.778, 2.854, 8.941)","(28, 30.17, 70.2)",60.53,4335,"(179, 171, 125)","(33, 32, 24)"
IR018.jpg,"(0, 13, 25, 48)","(72.713, 2.057, 6.697)","(28, 25.95, 51.37)",45.36,4574,"(131, 127, 97)","(17, 17, 13)"
IR019.jpg,"(0, 19, 30, 40)","(75.426, 4.049, 7.471)","(22, 30.26, 59.61)",50.17,4311,"(152, 132, 106)","(22, 21, 16)"
IR020.jpg,"(0, 18, 32, 27)","(80.968, 3.644, 9.558)","(26, 32.61, 72.16)",60.92,4175,"(184, 169, 124)","(34, 33, 23)"
IR021.jpg,"(0, 18, 26, 43)","(74.325, 4.282, 5.848)","(18, 26.9, 56.86)",48.19,4525,"(145, 123, 106)","(20, 19, 15)"
IR022.jpg,"(0, 38, 59, 34)","(72.134, 9.862, 17.809)","(21, 59.04, 65.1)",44.37,2943,"(166, 120, 68)","(21, 17, 7)"
IR023.jpg,"(0, 19, 27, 60)","(64.993, 4.064, 5.031)","(17, 27.72, 39.61)",33.21,4476,"(101, 84, 73)","(9, 8, 7)"
IR024.jpg,"(0, 27, 41, 34)","(75.618, 6.47, 11.065)","(21, 41.57, 65.1)",50.52,3713,"(166, 133, 97)","(24, 22, 14)"
IR025.jpg,"(0, 7, 13, 29)","(83.487, 1.146, 3.873)","(29, 13.89, 70.59)",66.23,5403,"(180, 178, 155)","(38, 40, 36)"
IR026.jpg,"(0, 12, 28, 42)","(75.886, 1.062, 8.799)","(34, 28.77, 57.25)",51.02,4405,"(135, 146, 104)","(22, 22, 16)"
IR027.jpg,"(0, 13, 24, 49)","(72.517, 2.295, 6.039)","(26, 24.62, 50.98)",45.03,4673,"(130, 122, 98)","(16, 16, 13)"
IR028.jpg,"(0, 27, 47, 43)","(71.681, 5.181, 13.579)","(26, 47.22, 56.47)",43.61,3432,"(144, 126, 76)","(17, 16, 8)"
IR029.jpg,"(0, 21, 36, 53)","(68.237, 3.687, 8.94)","(25, 36.44, 46.27)",38.05,3979,"(118, 105, 75)","(12, 12, 8)"
IR030.jpg,"(0, 13, 25, 23)","(84.38, 2.33, 7.524)","(28, 25.0, 76.86)",68.18,4648,"(196, 190, 147)","(42, 42, 33)"
IR031.jpg,"(0, 24, 43, 29)","(78.329, 4.929, 13.534)","(26, 43.58, 70.2)",55.65,3597,"(179, 161, 101)","(29, 27, 16)"
IR032.jpg,"(0, 16, 26, 56)","(67.733, 2.945, 5.645)","(23, 26.36, 43.14)",37.27,4549,"(110, 98, 81)","(11, 11, 9)"
IR033.jpg,"(0, 20, 26, 46)","(72.186, 5.159, 4.866)","(13, 26.47, 53.33)",44.46,4549,"(136, 110, 100)","(18, 16, 14)"
IR034.jpg,"(0, 8, 20, 65)","(64.249, 0.715, 4.75)","(33, 20.22, 34.9)",32.15,4958,"(85, 89, 71)","(8, 8, 6)"
IR035.jpg,"(0, 11, 19, 59)","(67.461, 1.897, 3.986)","(24, 19.23, 40.78)",36.85,5012,"(104, 97, 84)","(11, 11, 10)"
IR036.jpg,"(0, 11, 24, 34)","(79.828, 1.36, 7.51)","(32, 24.7, 65.1)",58.61,4673,"(160, 166, 125)","(29, 30, 24)"
IR037.jpg,"(0, 20, 47, 44)","(72.656, 1.908, 15.763)","(34, 47.52, 55.29)",45.26,3414,"(125, 141, 74)","(18, 17, 9)"
IR038.jpg,"(0, 14, 25, 41)","(75.916, 2.412, 6.759)","(27, 25.68, 58.04)",51.07,4599,"(148, 140, 110)","(22, 22, 18)"
IR039.jpg,"(0, 14, 31, 38)","(77.334, 1.798, 9.531)","(32, 31.21, 61.57)",53.73,4266,"(151, 157, 108)","(25, 25, 17)"
IR040.jpg,"(0, 19, 35, 61)","(63.963, 2.929, 8.058)","(26, 35.05, 38.04)",31.75,4043,"(97, 89, 63)","(8, 8, 5)"
IR041.jpg,"(0, 12, 27, 31)","(81.039, 1.388, 8.976)","(33, 28.0, 68.63)",61.07,4452,"(165, 175, 126)","(32, 33, 24)"
IR042.jpg,"(0, 17, 33, 51)","(70.266, 2.599, 8.962)","(29, 33.87, 48.63)",41.27,4108,"(124, 120, 82)","(14, 14, 9)"
IR043.jpg,"(0, 14, 27, 52)","(70.148, 2.301, 6.765)","(27, 27.5, 47.06)",41.08,4476,"(120, 114, 87)","(14, 14, 11)"
IR044.jpg,"(0, 9, 22, 34)","(80.426, 0.513, 7.418)","(36, 22.89, 65.1)",59.82,4775,"(152, 166, 128)","(30, 31, 25)"
IR045.jpg,"(0, 14, 28, 46)","(73.662, 2.099, 7.727)","(29, 28.47, 53.73)",47.01,4429,"(137, 135, 98)","(18, 19, 14)"
IR046.jpg,"(0, 19, 37, 36)","(76.872, 3.37, 11.011)","(28, 37.04, 63.53)",52.86,3936,"(162, 154, 102)","(25, 24, 15)"
IR047.jpg,"(0, 18, 31, 52)","(69.362, 3.145, 7.643)","(25, 31.67, 47.06)",39.81,4242,"(120, 109, 82)","(13, 13, 9)"
IR048.jpg,"(0, 18, 40, 46)","(72.43, 2.304, 12.122)","(32, 40.15, 53.73)",44.88,3773,"(131, 137, 82)","(17, 17, 9)"
IR049.jpg,"(0, 21, 37, 54)","(67.965, 3.584, 9.405)","(26, 37.61, 45.88)",37.62,3916,"(117, 106, 73)","(12, 12, 8)"
IR050.jpg,"(0, 16, 32, 33)","(79.136, 2.468, 10.134)","(30, 32.94, 66.67)",57.23,4153,"(170, 170, 114)","(29, 29, 20)"
IR051.jpg,"(0, 26, 46, 34)","(75.905, 5.489, 14.1)","(25, 46.43, 65.88)",51.05,3468,"(168, 147, 90)","(25, 23, 12)"
IR052.jpg,"(0, 19, 37, 28)","(80.39, 3.471, 11.659)","(28, 37.16, 71.76)",59.74,3936,"(183, 175, 115)","(32, 31, 20)"
IR053.jpg,"(0, 28, 51, 38)","(73.682, 5.428, 16.066)","(27, 51.27, 61.96)",47.05,3258,"(158, 141, 77)","(21, 19, 9)"
IR054.jpg,"(0, 23, 37, 45)","(72.0, 4.883, 9.548)","(23, 37.86, 54.9)",44.15,3895,"(140, 119, 87)","(17, 16, 11)"
IR055.jpg,"(0, 4, 9, 50)","(73.813, 0.275, 2.557)","(35, 9.6, 49.02)",47.28,5730,"(121, 125, 113)","(18, 19, 18)"
IR056.jpg,"(0, 24, 42, 40)","(73.67, 4.764, 11.991)","(25, 42.38, 59.22)",47.03,3654,"(151, 133, 87)","(20, 19, 12)"
IR057.jpg,"(0, 16, 26, 27)","(81.848, 3.531, 7.091)","(23, 26.49, 72.55)",62.75,4549,"(185, 167, 136)","(36, 35, 28)"
IR058.jpg,"(0, 17, 32, 18)","(84.882, 3.515, 10.056)","(27, 32.21, 81.57)",69.29,4197,"(208, 195, 141)","(45, 44, 31)"
IR059.jpg,"(0, 19, 31, 52)","(69.185, 3.513, 7.39)","(24, 31.67, 47.06)",39.53,4242,"(120, 106, 82)","(13, 13, 9)"
IR060.jpg,"(0, 8, 14, 41)","(77.721, 1.405, 3.426)","(26, 14.09, 58.43)",54.47,5403,"(149, 143, 128)","(25, 25, 24)"
IR061.jpg,"(0, 13, 24, 41)","(76.099, 2.309, 6.336)","(27, 24.32, 58.04)",51.41,4673,"(148, 140, 112)","(23, 23, 18)"
IR062.jpg,"(0, 16, 34, 28)","(81.131, 2.43, 11.396)","(31, 34.97, 71.76)",61.26,4043,"(179, 183, 119)","(33, 33, 21)"
IR063.jpg,"(0, 10, 18, 36)","(79.677, 1.881, 4.766)","(26, 18.4, 63.92)",58.3,5093,"(163, 155, 133)","(29, 30, 26)"
IR064.jpg,"(0, 23, 41, 45)","(71.85, 3.991, 11.722)","(27, 41.73, 54.51)",43.89,3694,"(139, 128, 81)","(17, 16, 9)"
IR065.jpg,"(0, 9, 19, 52)","(71.511, 1.033, 4.897)","(31, 19.17, 47.06)",43.32,5039,"(118, 120, 97)","(15, 15, 13)"
IR066.jpg,"(0, 23, 46, 59)","(64.358, 2.956, 12.542)","(30, 46.6, 40.39)",32.3,3468,"(103, 103, 55)","(9, 8, 5)"
IR067.jpg,"(0, 14, 26, 38)","(77.379, 2.222, 7.543)","(29, 26.92, 61.18)",53.82,4525,"(156, 152, 114)","(25, 25, 19)"
IR068.jpg,"(0, 18, 30, 45)","(73.324, 3.72, 7.262)","(23, 30.0, 54.9)",46.42,4335,"(140, 123, 98)","(18, 18, 13)"
IR069.jpg,"(0, 17, 32, 58)","(66.337, 2.383, 7.868)","(28, 32.38, 41.18)",35.17,4197,"(105, 101, 71)","(10, 10, 7)"
IR070.jpg,"(0, 16, 28, 52)","(70.026, 2.885, 6.597)","(25, 28.1, 47.45)",40.88,4452,"(121, 110, 87)","(14, 14, 11)"
IR071.jpg,"(0, 29, 39, 35)","(74.786, 7.932, 9.136)","(16, 39.63, 64.31)",49.01,3792,"(164, 122, 99)","(23, 20, 14)"
IR072.jpg,"(0, 15, 29, 23)","(83.389, 2.606, 9.345)","(29, 29.9, 76.08)",66.02,4335,"(194, 190, 136)","(40, 39, 29)"
IR073.jpg,"(0, 18, 32, 24)","(82.364, 3.89, 9.403)","(25, 32.12, 75.69)",63.83,4220,"(193, 175, 131)","(38, 37, 26)"
IR074.jpg,"(0, 23, 41, 29)","(79.059, 4.583, 12.817)","(26, 41.44, 70.98)",57.08,3713,"(181, 164, 106)","(30, 29, 17)"
IR075.jpg,"(0, 16, 27, 19)","(85.173, 3.449, 7.849)","(25, 27.18, 80.78)",69.94,4501,"(206, 189, 150)","(46, 45, 34)"
IR076.jpg,"(0, 11, 16, 53)","(70.581, 2.455, 3.168)","(18, 16.95, 46.27)",41.78,5176,"(118, 106, 98)","(14, 14, 13)"
IR077.jpg,"(0, 21, 38, 29)","(79.569, 4.278, 11.485)","(26, 38.12, 70.98)",58.09,3874,"(181, 165, 112)","(31, 30, 19)"
IR078.jpg,"(0, 24, 40, 49)","(69.794, 4.785, 10.395)","(24, 40.77, 50.98)",40.5,3753,"(130, 111, 77)","(14, 13, 8)"
IR079.jpg,"(0, 21, 42, 14)","(85.191, 3.574, 15.097)","(30, 42.2, 85.49)",69.98,3674,"(218, 218, 126)","(47, 45, 26)"
IR080.jpg,"(0, 19, 36, 21)","(83.06, 3.359, 11.983)","(29, 36.68, 78.04)",65.31,3957,"(199, 193, 126)","(40, 39, 25)"
IR081.jpg,"(0, 23, 40, 24)","(80.922, 4.851, 12.802)","(26, 40.93, 75.69)",60.83,3733,"(193, 173, 114)","(35, 33, 20)"
IR082.jpg,"(0, 22, 38, 27)","(80.029, 4.504, 11.825)","(26, 38.92, 72.55)",59.01,3833,"(185, 167, 113)","(33, 31, 20)"
IR083.jpg,"(0, 20, 32, 48)","(71.303, 4.111, 7.718)","(22, 32.58, 51.76)",42.97,4175,"(132, 114, 89)","(16, 15, 11)"
IR084.jpg,"(0, 25, 42, 39)","(73.828, 5.477, 11.846)","(24, 42.86, 60.39)",47.3,3635,"(154, 130, 88)","(21, 19, 12)"
IR085.jpg,"(0, 17, 31, 31)","(79.712, 3.383, 9.004)","(26, 31.43, 68.63)",58.38,4242,"(175, 162, 120)","(31, 30, 22)"
IR086.jpg,"(0, 29, 49, 40)","(72.373, 6.053, 14.185)","(24, 49.01, 59.22)",44.78,3361,"(151, 127, 77)","(19, 17, 9)"
IR087.jpg,"(0, 22, 36, 42)","(73.353, 4.628, 9.584)","(23, 36.99, 57.25)",46.47,3936,"(146, 126, 92)","(20, 19, 13)"
IR088.jpg,"(0, 19, 25, 51)","(70.112, 4.626, 4.412)","(14, 25.0, 48.63)",41.02,4648,"(124, 102, 93)","(14, 14, 12)"
IR089.jpg,"(0, 30, 54, 70)","(56.096, 4.362, 12.445)","(26, 54.67, 29.41)",21.8,3111,"(75, 66, 34)","(4, 3, 2)"
IR090.jpg,"(0, 25, 42, 38)","(74.537, 5.596, 11.724)","(23, 42.41, 61.96)",48.56,3654,"(158, 133, 91)","(22, 20, 12)"
IR091.jpg,"(0, 28, 47, 30)","(76.805, 6.543, 14.293)","(24, 47.46, 69.41)",52.73,3414,"(177, 147, 93)","(27, 25, 13)"
IR092.jpg,"(0, 24, 36, 57)","(65.513, 4.852, 7.603)","(20, 36.11, 42.35)",33.96,3979,"(108, 88, 69)","(10, 9, 6)"
IR093.jpg,"(0, 28, 41, 54)","(66.407, 6.201, 8.946)","(19, 41.03, 45.88)",35.27,3733,"(117, 90, 69)","(11, 10, 7)"
IR094.jpg,"(0, 25, 42, 52)","(67.762, 4.904, 10.457)","(24, 42.15, 47.45)",37.31,3674,"(121, 102, 70)","(12, 11, 7)"
IR095.jpg,"(0, 17, 29, 55)","(68.059, 3.146, 6.548)","(24, 29.2, 44.31)",37.77,4382,"(113, 101, 80)","(12, 12, 9)"
IR096.jpg,"(0, 13, 26, 18)","(86.03, 2.485, 8.237)","(28, 26.44, 81.57)",71.88,4549,"(208, 202, 153)","(47, 47, 36)"
IR097.jpg,"(0, 31, 48, 35)","(74.14, 7.668, 13.532)","(21, 48.48, 64.71)",47.86,3378,"(165, 128, 85)","(23, 20, 11)"
IR098.jpg,"(0, 21, 36, 33)","(77.695, 4.281, 10.464)","(25, 36.69, 66.27)",54.42,3957,"(169, 151, 107)","(27, 26, 17)"
IR099.jpg,"(0, 22, 40, 41)","(73.751, 4.132, 11.703)","(27, 40.94, 58.43)",47.17,3733,"(149, 136, 88)","(20, 19, 12)"
IR100.jpg,"(0, 20, 32, 52)","(69.29, 3.966, 7.554)","(22, 32.79, 47.84)",39.7,4175,"(122, 106, 82)","(13, 13, 9)"
IR101.jpg,"(0, 20, 35, 31)","(78.864, 3.991, 10.105)","(26, 35.06, 68.24)",56.69,4043,"(174, 158, 113)","(29, 28, 20)"
IR102.jpg,"(0, 14, 20, 64)","(63.787, 2.621, 3.655)","(19, 20.88, 35.69)",31.5,4905,"(91, 80, 72)","(8, 8, 6)"
IR103.jpg,"(0, 22, 37, 39)","(74.758, 4.786, 9.767)","(23, 37.01, 60.39)",48.96,3936,"(154, 132, 97)","(21, 20, 14)"
IR104.jpg,"(0, 35, 51, 46)","(68.389, 8.526, 12.803)","(19, 51.09, 53.73)",38.28,3258,"(137, 99, 67)","(14, 12, 7)"
IR105.jpg,"(0, 25, 44, 26)","(79.41, 5.078, 14.397)","(26, 44.92, 73.33)",57.77,3541,"(187, 169, 103)","(32, 30, 17)"
IR106.jpg,"(0, 19, 26, 67)","(60.752, 3.684, 4.292)","(16, 26.51, 32.55)",27.44,4549,"(83, 69, 61)","(6, 6, 5)"
IR107.jpg,"(0, 24, 44, 11)","(85.175, 5.051, 15.741)","(27, 44.89, 88.24)",69.95,3541,"(225, 208, 124)","(48, 45, 25)"
IR108.jpg,"(0, 24, 39, 43)","(72.754, 5.0, 10.263)","(23, 39.31, 56.86)",45.43,3813,"(145, 123, 88)","(19, 18, 11)"
IR109.jpg,"(0, 25, 41, 41)","(72.883, 5.506, 10.855)","(23, 41.22, 58.04)",45.65,3713,"(148, 123, 87)","(19, 18, 11)"
IR110.jpg,"(0, 31, 57, 64)","(59.593, 4.504, 15.016)","(28, 57.78, 35.29)",25.97,2987,"(90, 82, 38)","(6, 5, 2)"
IR111.jpg,"(0, 25, 37, 67)","(59.126, 4.69, 6.997)","(19, 37.8, 32.16)",25.39,3895,"(82, 65, 51)","(5, 5, 3)"
IR112.jpg,"(0, 27, 42, 38)","(74.018, 6.396, 10.982)","(21, 42.04, 61.57)",47.64,3674,"(157, 126, 91)","(21, 20, 12)"
IR113.jpg,"(0, 18, 29, 23)","(82.735, 3.964, 8.409)","(24, 29.9, 76.08)",64.62,4335,"(194, 174, 136)","(39, 38, 28)"
IR114.jpg,"(0, 17, 28, 44)","(73.963, 3.571, 6.734)","(22, 28.17, 55.69)",47.54,4452,"(142, 126, 102)","(19, 19, 15)"
IR115.jpg,"(0, 18, 31, 71)","(57.931, 2.39, 6.263)","(26, 31.94, 28.24)",23.94,4220,"(72, 66, 49)","(4, 4, 3)"
IR116.jpg,"(0, 14, 20, 61)","(65.77, 2.749, 3.568)","(18, 20.2, 38.82)",34.33,4958,"(99, 87, 79)","(9, 9, 8)"
IR117.jpg,"(0, 21, 42, 61)","(63.416, 2.793, 10.666)","(29, 42.27, 38.04)",30.99,3674,"(97, 95, 56)","(8, 7, 4)"
IR118.jpg,"(0, 19, 32, 27)","(81.062, 4.088, 9.386)","(25, 32.8, 72.94)",61.12,4175,"(186, 167, 125)","(34, 33, 24)"
IR119.jpg,"(0, 34, 53, 41)","(70.647, 8.06, 14.732)","(21, 53.02, 58.43)",41.89,3175,"(149, 113, 70)","(17, 15, 7)"
IR120.jpg,"(0, 18, 34, 32)","(78.722, 3.341, 10.224)","(27, 34.5, 67.06)",56.41,4086,"(171, 161, 112)","(29, 28, 19)"
IR121.jpg,"(0, 27, 47, 43)","(71.664, 5.067, 13.975)","(26, 47.92, 56.47)",43.58,3396,"(144, 128, 75)","(17, 16, 8)"
IR122.jpg,"(0, 18, 32, 45)","(72.985, 3.083, 8.629)","(27, 32.61, 54.12)",45.83,4175,"(138, 129, 93)","(18, 18, 12)"
IR123.jpg,"(0, 11, 23, 25)","(83.702, 1.77, 7.097)","(30, 23.28, 74.12)",66.7,4749,"(189, 189, 145)","(40, 40, 32)"
IR124.jpg,"(0, 22, 39, 65)","(61.417, 3.402, 8.769)","(26, 39.33, 34.9)",28.3,3813,"(89, 80, 54)","(6, 6, 4)"
IR125.jpg,"(0, 23, 38, 60)","(63.699, 4.267, 8.655)","(23, 39.0, 39.22)",31.38,3833,"(100, 85, 61)","(8, 8, 5)"
IR126.jpg,"(0, 25, 40, 35)","(75.695, 5.867, 10.795)","(22, 40.24, 64.31)",50.67,3773,"(164, 135, 98)","(24, 22, 14)"
IR127.jpg,"(0, 13, 24, 62)","(64.82, 2.005, 5.175)","(26, 24.21, 37.25)",32.96,4699,"(95, 89, 72)","(8, 8, 6)"
IR128.jpg,"(0, 20, 33, 57)","(66.581, 3.488, 7.807)","(24, 33.94, 42.75)",35.53,4108,"(109, 97, 72)","(10, 10, 7)"
IR129.jpg,"(0, 16, 21, 67)","(61.272, 3.372, 3.14)","(13, 21.69, 32.55)",28.11,4853,"(83, 70, 65)","(6, 6, 5)"
IR130.jpg,"(0, 33, 56, 33)","(74.152, 7.29, 18.048)","(25, 56.21, 66.27)",47.88,3049,"(169, 140, 74)","(23, 21, 9)"
IR131.jpg,"(0, 22, 43, 42)","(73.19, 3.524, 13.257)","(29, 43.84, 57.25)",46.19,3597,"(146, 142, 82)","(19, 18, 10)"
IR132.jpg,"(0, 22, 38, 53)","(68.073, 4.049, 9.573)","(25, 38.66, 46.67)",37.79,3854,"(119, 105, 73)","(12, 12, 8)"
IR133.jpg,"(0, 15, 26, 54)","(68.957, 2.614, 6.218)","(25, 26.96, 45.1)",39.17,4525,"(115, 106, 84)","(12, 12, 10)"
IR134.jpg,"(0, 16, 27, 55)","(68.529, 3.001, 6.0)","(23, 27.19, 44.71)",38.5,4501,"(114, 102, 83)","(12, 12, 10)"
IR135.jpg,"(0, 2, 10, 73)","(59.544, -0.194, 2.42)","(43, 10.29, 26.67)",25.91,5669,"(63, 68, 61)","(5, 5, 5)"
IR136.jpg,"(0, 19, 30, 67)","(60.968, 3.061, 6.077)","(23, 30.95, 32.94)",27.72,4288,"(84, 74, 58)","(6, 6, 4)"
IR137.jpg,"(0, 24, 36, 50)","(68.881, 5.515, 7.81)","(19, 36.0, 49.02)",39.05,4000,"(125, 100, 80)","(14, 12, 9)"
IR138.jpg,"(0, 19, 34, 49)","(70.676, 3.366, 8.768)","(26, 34.38, 50.2)",41.94,4086,"(128, 117, 84)","(15, 15, 10)"
IR139.jpg,"(0, 24, 40, 29)","(78.789, 5.277, 12.088)","(24, 40.88, 70.98)",56.54,3733,"(181, 157, 107)","(30, 28, 18)"
IR140.jpg,"(0, 23, 40, 36)","(75.894, 4.738, 11.431)","(25, 40.12, 63.53)",51.03,3773,"(162, 143, 97)","(24, 22, 14)"
IR141.jpg,"(0, 18, 38, 39)","(75.653, 2.644, 11.776)","(31, 38.31, 60.39)",50.59,3874,"(152, 154, 95)","(22, 22, 13)"
IR142.jpg,"(0, 9, 19, 38)","(78.772, 1.338, 5.306)","(30, 19.11, 61.57)",56.51,5039,"(157, 157, 127)","(27, 28, 23)"
IR143.jpg,"(0, 6, 16, 51)","(72.75, 0.355, 4.51)","(36, 16.26, 48.24)",45.43,5232,"(116, 123, 103)","(16, 17, 15)"
IR144.jpg,"(0, 10, 21, 45)","(74.985, 1.245, 5.705)","(31, 21.01, 54.12)",49.37,4905,"(136, 138, 109)","(20, 20, 17)"
IR145.jpg,"(0, 13, 23, 36)","(78.598, 2.278, 6.357)","(27, 23.6, 63.14)",56.17,4724,"(161, 153, 123)","(27, 27, 22)"
IR146.jpg,"(0, 18, 29, 43)","(73.994, 3.665, 7.146)","(23, 29.37, 56.08)",47.6,4382,"(143, 126, 101)","(19, 19, 15)"
IR147.jpg,"(0, 15, 27, 35)","(78.725, 2.725, 7.536)","(27, 27.27, 64.71)",56.42,4501,"(165, 156, 120)","(28, 28, 21)"
IR148.jpg,"(0, 8, 14, 53)","(71.311, 1.408, 3.122)","(25, 14.41, 46.27)",42.99,5374,"(118, 112, 101)","(15, 15, 14)"
IR149.jpg,"(0, 19, 34, 35)","(77.536, 3.63, 9.867)","(26, 34.55, 64.71)",54.12,4064,"(165, 152, 108)","(26, 25, 17)"
IR150.jpg,"(0, 4, 8, 41)","(78.777, 0.83, 1.861)","(25, 8.0, 58.82)",56.52,5854,"(150, 146, 138)","(26, 27, 27)"
IR151.jpg,"(0, 14, 26, 56)","(68.097, 2.189, 6.169)","(27, 26.36, 43.14)",37.83,4549,"(110, 104, 81)","(11, 11, 9)"
IR152.jpg,"(0, 15, 25, 35)","(78.769, 3.023, 6.624)","(24, 25.45, 64.71)",56.5,4623,"(165, 151, 123)","(28, 28, 22)"
IR153.jpg,"(0, 19, 37, 42)","(73.975, 3.185, 10.849)","(28, 37.67, 57.25)",47.56,3895,"(146, 140, 91)","(20, 19, 12)"
IR154.jpg,"(0, 16, 29, 39)","(76.307, 3.066, 8.046)","(26, 29.87, 60.39)",51.8,4335,"(154, 143, 108)","(23, 23, 17)"
IR155.jpg,"(0, 22, 46, 46)","(71.449, 2.99, 14.471)","(31, 46.72, 53.73)",43.22,3450,"(133, 137, 73)","(16, 15, 8)"
IR156.jpg,"(0, 21, 36, 46)","(71.803, 4.037, 9.239)","(24, 36.03, 53.33)",43.81,4000,"(136, 120, 87)","(17, 16, 11)"
IR157.jpg,"(0, 15, 25, 40)","(76.249, 3.002, 6.229)","(24, 25.17, 59.22)",51.69,4623,"(151, 137, 113)","(23, 23, 19)"
IR158.jpg,"(0, 7, 14, 62)","(66.155, 0.833, 3.262)","(30, 14.74, 37.25)",34.9,5346,"(95, 95, 81)","(9, 10, 9)"
IR159.jpg,"(0, 9, 20, 50)","(72.471, 1.113, 5.207)","(31, 20.0, 49.02)",44.95,4958,"(123, 125, 100)","(17, 17, 14)"
IR160.jpg,"(0, 13, 25, 40)","(76.549, 2.379, 6.661)","(27, 25.17, 59.22)",52.25,4623,"(151, 143, 113)","(23, 23, 19)"
IR161.jpg,"(0, 18, 37, 38)","(76.334, 2.803, 11.664)","(30, 37.97, 61.96)",51.85,3895,"(158, 158, 98)","(24, 23, 14)"
IR162.jpg,"(0, 12, 25, 45)","(74.703, 1.859, 6.714)","(29, 25.0, 54.9)",48.86,4648,"(140, 138, 105)","(20, 20, 16)"
IR163.jpg,"(0, 12, 28, 52)","(70.884, 1.11, 7.827)","(34, 28.1, 47.45)",42.28,4452,"(113, 121, 87)","(14, 14, 11)"
IR164.jpg,"(0, 18, 33, 55)","(67.785, 2.896, 8.259)","(27, 33.63, 44.31)",37.35,4130,"(113, 105, 75)","(12, 11, 8)"
IR165.jpg,"(0, 8, 19, 36)","(80.012, 0.541, 6.175)","(36, 19.75, 63.53)",58.98,4985,"(151, 162, 130)","(29, 30, 25)"
IR166.jpg,"(0, 22, 45, 27)","(79.664, 3.367, 15.797)","(31, 45.65, 72.16)",58.28,3504,"(180, 184, 100)","(31, 30, 16)"
IR167.jpg,"(0, 18, 36, 54)","(68.292, 2.72, 9.431)","(29, 36.21, 45.49)",38.13,3979,"(116, 112, 74)","(12, 11, 8)"
IR168.jpg,"(0, 26, 43, 44)","(71.415, 5.239, 11.937)","(24, 43.97, 55.29)",43.16,3578,"(141, 120, 79)","(17, 16, 9)"
IR169.jpg,"(0, 16, 33, 34)","(78.723, 2.389, 10.546)","(31, 33.93, 65.88)",56.42,4108,"(166, 168, 111)","(28, 28, 19)"
IR170.jpg,"(0, 11, 24, 30)","(81.568, 1.301, 7.866)","(33, 25.0, 69.02)",62.16,4648,"(168, 176, 132)","(33, 34, 26)"
IR171.jpg,"(0, 13, 26, 45)","(74.075, 1.982, 7.231)","(29, 26.81, 54.12)",47.74,4525,"(138, 136, 101)","(19, 19, 14)"
IR172.jpg,"(0, 18, 32, 58)","(66.469, 3.003, 7.632)","(26, 32.71, 41.96)",35.36,4175,"(107, 98, 72)","(10, 10, 7)"
IR173.jpg,"(0, 25, 47, 34)","(75.769, 4.793, 15.046)","(27, 47.59, 65.1)",50.8,3414,"(166, 153, 87)","(24, 23, 12)"
IR174.jpg,"(0, 24, 47, 38)","(74.458, 3.908, 15.107)","(29, 47.44, 61.18)",48.42,3432,"(156, 152, 82)","(21, 20, 10)"
IR175.jpg,"(0, 14, 33, 36)","(78.077, 1.259, 10.959)","(34, 33.54, 63.14)",55.16,4130,"(147, 161, 107)","(26, 26, 17)"
IR176.jpg,"(0, 12, 29, 25)","(83.649, 1.204, 10.003)","(34, 29.32, 74.9)",66.59,4382,"(177, 191, 135)","(39, 40, 28)"
IR177.jpg,"(0, 13, 28, 32)","(80.381, 1.967, 8.66)","(31, 28.32, 67.84)",59.72,4429,"(171, 173, 124)","(31, 31, 23)"
IR178.jpg,"(0, 16, 30, 37)","(77.304, 2.692, 8.811)","(28, 30.82, 62.35)",53.67,4288,"(159, 153, 110)","(25, 25, 18)"
IR179.jpg,"(0, 12, 28, 31)","(80.971, 1.017, 9.508)","(35, 28.74, 68.24)",60.93,4405,"(160, 174, 124)","(32, 33, 23)"
IR180.jpg,"(0, 20, 35, 32)","(78.506, 4.209, 10.267)","(25, 35.84, 67.84)",55.99,4000,"(173, 155, 111)","(29, 27, 18)"
IR181.jpg,"(0, 11, 20, 47)","(73.967, 1.706, 5.265)","(28, 20.9, 52.55)",47.55,4905,"(134, 130, 106)","(18, 18, 15)"
IR182.jpg,"(0, 16, 29, 44)","(74.247, 2.695, 7.865)","(27, 29.58, 55.69)",48.05,4358,"(142, 134, 100)","(19, 19, 15)"
IR183.jpg,"(0, 15, 24, 40)","(76.684, 3.079, 5.855)","(23, 24.18, 60.0)",52.5,4699,"(153, 138, 116)","(24, 23, 19)"
IR184.jpg,"(0, 19, 37, 40)","(75.054, 3.003, 10.909)","(29, 37.09, 59.22)",49.5,3936,"(151, 147, 95)","(21, 20, 13)"
IR185.jpg,"(0, 10, 23, 40)","(77.337, 1.159, 6.784)","(33, 23.18, 59.22)",53.74,4749,"(145, 151, 116)","(24, 24, 19)"
